{"cameraMode":{"drawMode":0,"name":"Shaded","section":"Shading Mode"},"sceneLighting":false,"audioPlay":false,"sceneViewState":{"m_AlwaysRefresh":false,"showFog":true,"showSkybox":false,"showFlares":true,"showImageEffects":true,"showParticleSystems":true,"showVisualEffectGraphs":true,"m_FxEnabled":true},"in2DMode":false,"pivot":{"x":-0.02319049835205078,"y":0.6449272036552429,"z":-0.648186445236206},"rotation":{"x":0.009593908675014973,"y":-0.6683037281036377,"z":0.00862051174044609,"w":0.7437779903411865},"size":6.994668960571289,"orthographic":true}