{"cameraMode":{"drawMode":0,"name":"Shaded","section":"Shading Mode"},"sceneLighting":false,"audioPlay":false,"sceneViewState":{"m_AlwaysRefresh":false,"showFog":true,"showSkybox":false,"showFlares":true,"showImageEffects":true,"showParticleSystems":true,"showVisualEffectGraphs":true,"m_FxEnabled":true},"in2DMode":false,"pivot":{"x":-0.023190438747406007,"y":-9.392711639404297,"z":29.306547164916993},"rotation":{"x":0.12982656061649323,"y":-0.8136616349220276,"z":0.1991177797317505,"w":0.5305266380310059},"size":53.33727264404297,"orthographic":true}